<!-- Auto-Aim System Configuration XML -->

<configuration>
    <!-- Section 1: Initial Configuration of the Auto-Aim System -->
    <action name="navigateToAutoAimOption">
        <method>MoveTo</method>
        <parameters>
            <x>105</x>
            <y>105</y>
        </parameters>
    </action>
    <action name="confirmAutoAimActivation">
        <method>Tap</method>
    </action>
    <action name="enableAutoAimMode">
        <method>PressKey</method>
        <parameters>
            <key>A</key>
        </parameters>
    </action>

    <!-- Section 2: Adjust Sensitivity for X and Y Axis -->
    <action name="adjustXAxisSensitivity">
        <method>MoveTo</method>
        <parameters>
            <x>160</x>
            <y>165</y>
        </parameters>
    </action>
    <action name="confirmXAxisSensitivity">
        <method>Tap</method>
        <value>12000</value>
    </action>
    <action name="adjustYAxisSensitivity">
        <method>MoveTo</method>
        <parameters>
            <x>215</x>
            <y>225</y>
        </parameters>
    </action>
    <action name="confirmYAxisSensitivity">
        <method>Tap</method>
        <value>12000</value>
    </action>

    <!-- Section 3: Set Target Position -->
    <action name="setTargetPositionX">
        <method>MoveTo</method>
        <parameters>
            <x>270</x>
            <y>285</y>
        </parameters>
    </action>
    <action name="confirmTargetPositionX">
        <method>Tap</method>
        <value>50.0</value>
    </action>
    <action name="setTargetPositionY">
        <method>MoveTo</method>
        <parameters>
            <x>325</x>
            <y>345</y>
        </parameters>
    </action>
    <action name="confirmTargetPositionY">
        <method>Tap</method>
        <value>30.0</value>
    </action>

    <!-- Section 4: Calculate Direction and Aim at Target -->
    <action name="calculateDirection">
        <method>MoveTo</method>
        <parameters>
            <x>380</x>
            <y>395</y>
        </parameters>
    </action>
    <action name="simulateMovement">
        <method>PressKey</method>
        <parameters>
            <key>W</key>
        </parameters>
    </action>
    <action name="aimAtTarget">
        <method>TapAndHold</method>
        <parameters>
            <duration>0.5</duration>
        </parameters>
    </action>
    <action name="confirmAim">
        <method>ReleaseTap</method>
    </action>

    <!-- Section 5: Finalize Settings and Return to Main Menu -->
    <action name="confirmAllSettings">
        <method>PressKey</method>
        <parameters>
            <key>Enter</key>
        </parameters>
    </action>
    <action name="returnToMainMenu">
        <method>PressKey</method>
        <parameters>
            <key>E</key>
        </parameters>
    </action>
</configuration>