<!-- Optimized Hacker-Style Free Fire Configuration XML -->

<configuration>
    <!-- Device Information -->
    <device>
        <brand_model>general_ios_device</brand_model>
        <os_version>iOS 15.0_or_later</os_version>
        <hardware>
            <processor>a-series_processor</processor>
            <ram>6GB</ram>
            <storage>128GB</storage>
        </hardware>
        <screen>
            <resolution>high</resolution>
            <dpi>326-458</dpi>
        </screen>
        <permissions>
            <access>system_settings, full_storage_access</access>
        </permissions>
        <security>
            <auth>auth_faceid, auth_touchid</auth>
            <encryption>enabled</encryption>
        </security>
        <preferences>
            <sensitivity>ultrahigh</sensitivity>
            <graphics>ultrahigh</graphics>
            <performance>boosted</performance>
        </preferences>
        <network>
            <connectivity>wifi_6, 5g</connectivity>
        </network>
        <installed_apps>free_fire, discord, whatsapp, vpn</installed_apps>
    </device>

    <!-- Free Fire Sensitivity and View Configuration -->
    <freefire>
        <sensitivity>12000</sensitivity>
        <file>
            <config>enabled</config>
            <coding>xml</coding>
        </file>
        <script>aimenhanced_pro.xml</script>
    </freefire>

    <!-- Optimized Free Fire Script for Peak Performance -->
    <aimbot>
        <target>
            <area>head, neck</area>
        </target>
        <configuration>
            <fov>maximized</fov>
            <aim_lock>instant</aim_lock>
            <aimheadshot>ultrahigh_sensitivity</aimheadshot>
            <sensitivity>optimized</sensitivity>
            <adaptive_dpi>true</adaptive_dpi>
        </configuration>
    </aimbot>

    <!-- Activation and System Integration for Maximum Performance -->
    <features>
        <shortcut>activated</shortcut>
        <aimbot>on</aimbot>
        <aimfov>on</aimfov>
        <aimlock>
            <target>head</target>
        </aimlock>
        <dpi>12000</dpi>
        <anticheat>enhanced</anticheat>
    </features>

    <!-- Processing and Rendering Optimization -->
    <system>
        <processing>max_performance</processing>
        <file>
            <config>high_performance_config</config>
            <script>enhanced_script</script>
            <aim>enhancedaim_pro</aim>
            <no_cheat>enabled</no_cheat>
        </file>
        <rendering>
            <fps>60fps</fps>
            <refresh_rate>90hz</refresh_rate>
            <adaptive_resolution>true</adaptive_resolution>
        </rendering>
        <sensitivity>12000</sensitivity>
    </system>

    <!-- Aimbot and Lock Configuration Adjusted for Maximum Efficiency -->
    <aim_settings>
        <aimbot_percentage>100</aimbot_percentage>
        <aimfov_percentage>100</aimfov_percentage>
        <aimlock_percentage>100</aimlock_percentage>
    </aim_settings>
</configuration>