<?xml version="1.0" encoding="UTF-8"?>
<AutoAimConfig>
    <!-- 1. Initial Setup for Auto-Aim System -->
    <AutoAimSetup>
        <Action name="NavigateToAutoAimActivation" shortcut="MoveTo" x="105" y="105" />
        <Action name="ConfirmAutoAimActivation" shortcut="Tap" />
        <Action name="ActivateAutoAimMode" shortcut="PressKey" key="A" />
    </AutoAimSetup>

    <!-- 2. Configure Sensitivity for X and Y Axis -->
    <SensitivityConfig>
        <Action name="AdjustXAxisSensitivity" shortcut="MoveTo" x="160" y="165" />
        <Action name="SetXAxisSensitivity" shortcut="Tap" value="12000" />
        <Action name="AdjustYAxisSensitivity" shortcut="MoveTo" x="215" y="225" />
        <Action name="SetYAxisSensitivity" shortcut="Tap" value="12000" />
    </SensitivityConfig>

    <!-- 3. Define Target Position -->
    <TargetPosition>
        <Action name="SetTargetPositionX" shortcut="MoveTo" x="270" y="285" />
        <Action name="ConfirmTargetPositionX" shortcut="Tap" value="50.0" />
        <Action name="SetTargetPositionY" shortcut="MoveTo" x="325" y="345" />
        <Action name="ConfirmTargetPositionY" shortcut="Tap" value="30.0" />
    </TargetPosition>

    <!-- 4. Calculate Direction and Lock Aim on Target -->
    <DirectionCalculation>
        <Action name="CalculateTargetDirection" shortcut="MoveTo" x="380" y="395" />
        <Action name="SimulateMovementTowardsTarget" shortcut="PressKey" key="W" />
        <Action name="HoldToCalculateDirection" shortcut="TapAndHold" duration="0.5" />
        <Action name="ConfirmAimDirection" shortcut="ReleaseTap" />
    </DirectionCalculation>

    <!-- 5. Execute Aim Function -->
    <AimExecution>
        <Action name="CallAimAtTargetFunction" shortcut="MoveTo" x="450" y="475" />
        <Action name="ExecuteAimAtTarget" shortcut="Tap" playerPosX="0.0" playerPosY="0.0" />
    </AimExecution>

    <!-- 6. Finalize Settings and Exit to Main Menu -->
    <FinalizeAndExit>
        <Action name="ConfirmAllSettings" shortcut="PressKey" key="Enter" />
        <Action name="ExitToMainMenu" shortcut="PressKey" key="E" />
    </FinalizeAndExit>
</AutoAimConfig>