<configuration>
    <sensitivity>
        <sensitivityType>com.dts.freefireth~[sensitivity]</sensitivityType>
    </sensitivity>
</configuration>

<coding.xml />
<config.xml />
<file.xml />

<mconfig>
    <script>aimheadshot.xml</script>
</mconfig>

<script>
    <aimlock>
        <enemy>
            <target>HEAD</target>
        </enemy>
    </aimlock>
    <configuration>
        <dpi>screen</dpi>
    </configuration>

    <!-- Versión 1.102.1 -->
    <configuration>
        <aimbot>ff</aimbot>
        <player id="player">
            <calculateAimTarget />
            <aimAtTarget />
            <aimbot />
        </player>
    </configuration>
</script>

<mconfig>
    <aimheadshot>
        <ff />
        <player id="player">
            <calculateAimTarget />
            <aimAtTarget />
            <aimbot />
            <enableAimHeadshot />
        </player>
    </aimheadshot>
</mconfig>

<mconfig>
    <sensitivity>
        <weapon />
        <player id="player">
            <calculateAimTarget />
            <aimAtTarget />
            <aimbot />
            <enableAimHeadshot />
        </player>
    </sensitivity>
</mconfig>

<mconfig>
    <aimlock>
        <enemy />
        <player id="player">
            <calculateAimTarget />
            <aimAtTarget />
            <aimbot />
            <enableAimlock />
            <disableAimlock />
        </player>
    </aimlock>
</mconfig>

<mconfig>
    <sensitivity>
        <value>9000</value>
        <player id="player">
            <calculateAimTarget />
            <aimAtTarget />
            <aimbot />
        </player>
    </sensitivity>
</mconfig>

<mconfig>
    <aimfov>
        <value>90</value>
        <player id="player">
            <calculateAimTarget />
            <aimAtTarget />
            <aimbot />
        </player>
    </aimfov>
</mconfig>

<mconfig>
    <aimbot>
        <ff />
    </aimbot>
</mconfig>

<feature activited="freefire">
    <configuration>
        <aimbot>on</aimbot>
        <aimfov>90</aimfov>
        <aimlock>on</aimlock>
        <aimrednumbers>on</aimrednumbers>
        <dpi>9000</dpi>
        <anticheat>on</anticheat>
        <System.web.configuration.Scipting>on</System.web.configuration.Scipting>
    </configuration>
</feature>

<system.configuration>
    <processing>on</processing>
    <file>
        <headshot>on</headshot>
        <config>on</config>
        <script>on</script>
    </file>
    <headshot>
        <nocheat>on</nocheat>
    </headshot>
    <script>
        <aimlock>on</aimlock>
        <nobanned>on</nobanned>
        <easyheadshot>on</easyheadshot>
        <red.damage.numbers>on</red.damage.numbers>
    </script>
    <aimfov>on</aimfov>
    <dpiscreen>
        <value>9000</value>
    </dpiscreen>
    <fps>
        <value>60</value>
    </fps>
    <hz>
        <value>60</value>
    </hz>
    <dpi>
        <sensivity>9000</sensivity>
    </dpi>
    <screen>
        <dpi>
            <value>9000</value>
        </dpi>
        <sensivity>
            <device>pipa</device>
        </sensivity>
    </screen>
</system.configuration>

<feature name="OPTIMALISASI" target="screen">
    <description>
        Adds entries to your Web.config file which are required by any .NET 3.5 AJAX.NET application.
    </description>
    <blocks>
        <block name="OPTIMALISASI config sections" />
    </blocks>
    <type>
        System.Web.Configuration.ScriptingGameServiceWorkAllMode
    </type>
</feature>