<configurationData>
  <gameConfig>
    <directoryPath>emulated/storage/Android/data/com.dts.freefireth/files/contentcache/Compulsory/android/gameassetbundles/config</directoryPath>
    <mainPath>main.path.#include <iostream>
#include <vector>
#include <cmath>
#include <string>
#include <sstream>
#include <rapidxml.hpp>

using namespace std;

struct GameConfig {
    string directoryPath;
    string mainPath;
    string versionInfo;
};

struct AppSettings {
    double SensitivityX;
    double SensitivityY;
};

struct ScreenSettings {
    double touchSensitivity;
    double scrollSpeed;
    double tapResponse;
};

struct DeviceSettings {
    ScreenSettings screenSettings;
    
};

struct ConfigurationData {
    GameConfig gameConfig;
    AppSettings appSettings;
    DeviceSettings deviceSettings;
    
};

int main() {
    ConfigurationData configData;

    
    string xmlData = "<configurationData>
  <gameConfig>
    <directoryPath>emulated/storage/Android/data/com.dts.freefireth/files/contentcache/Compulsory/android/gameassetbundles/config</directoryPath>
    <mainPath>main.path.2019116797</mainPath>
    <versionInfo>1.102.1</versionInfo>
  </gameConfig>

  <configuration>
    <appSettings>
      <add key="SensitivityX" value="9000.0" />
      <add key="SensitivityY" value="9000.0" />
    </appSettings>

    <gameConfig>
      <directoryPath>emulated/storage/Android/data/com.dts.freefireth/files/contentcache/Compulsory/android/gameassetbundles/config</directoryPath>
      <mainPath>main.path.2019116797</mainPath>
      <versionInfo>1.102.1</versionInfo>
    </gameConfig>
  </configuration>

  <deviceSettings>
    <screenSettings>
      <touchSensitivity>
        <value>9000</value>
        <description>fast</description>
      </touchSensitivity>
      <scrollSpeed>
        <value>9000</value>
        <description>fast</description>
      </scrollSpeed>
      <tapResponse>
        <value>9000</value>
        <description>fast</description>
      </tapResponse>
    </screenSettings>

    <!-- Soy Jexe Tu papa -->

  </deviceSettings>

  <xmlVersionInfo>
    <config>
      <sensitivity>
        <x>9000.0</x>
        <y>9000.0</y>
      </sensitivity>

      <!-- Version para ff normal -->

      <gameConfig>
        <directoryPath>emulated/storage/Android/data/com.dts.freefireth/files/contentcache/Compulsory/android/gameassetbundles/config</directoryPath>
        <mainPath>main.path.2019116797</mainPath>
        <versionInfo>1.102.1</versionInfo>
      </gameConfig>
    </config>

    <configuration>
      <appSettings>
        <add key="SensitivityX" value="9000.0" />
        <add key="SensitivityY" value="9000.0" />
      </appSettings>

      <!-- viva cristo rey -->

      <gameConfig>
        <directoryPath>emulated/storage/Android/data/com.dts.freefireth/files/contentcache/Compulsory/android/gameassetbundles/config</directoryPath>
        <mainPath>main.path.2019116797</mainPath>
        <versionInfo>1.102.1</versionInfo>
      </gameConfig>
    </configuration>
  </xmlVersionInfo>

  <configurations>
    <configSetting name="SeguimientoCabezaConMira">90</configSetting>
    <configSetting name="SeguimientoCabezaSinMira">90</configSetting>
    <configSetting name="Aimlock">90</configSetting>
    <configSetting name="NoRecoil">90</configSetting>
    <configSetting name="SensibilidadX">9000</configSetting>
    <configSetting name="SensibilidadY">9000</configSetting>
    <configSetting name="NoScope">90</configSetting>
  </configurations>

  <additionalInfo>
    <gameAssetBundlesDir>emulated/storage/Android/data/com.dts.freefireth/files/contentcache/Compulsory/android/gameassetbundles/config</gameAssetBundlesDir>
    <mainPath>main.path.2019116797</mainPath>
    <versionInfo>1.102.1</versionInfo>
  </additionalInfo>

  <!-- JEXE -->

  <code>
    <![CDATA[
      #include <iostream>
      #include <vector>
      #include <cmath>
      #include <string>

      using namespace std;

      struct Pointer {
          double x;
          double y;
      };

      bool insideGame = true;

      void Configuration(Pointer& point) {
          point.x = 9000.0;
          point.y = 9000.0;
      }

      void MultiplierSensitivity(Pointer& point) {
          if (insideGame) {
              double Sensitivity = 9000.0;
              point.x = point.x * M_PI / Sensitivity;
              point.y = point.y * M_PI / Sensitivity;
          } else {
              point.x = 0.0;
              point.y = 0.0;
          }
      }

      double value(const Pointer& point) {
          return point.x + point.y;
      }

      int main() {
          Pointer myPointer;
          Configuration(myPointer);

          // Incorpora la referencia a la dirección y versión
          string gameAssetBundlesDir = "emulated/storage/Android/data/com.dts.freefireth/files/contentcache/Compulsory/android/gameassetbundles/config";
          string mainPath = "main.path.2019116797";
          string versionInfo = "1.102.1";

          
          cout << "config: " << gameAssetBundlesDir << endl;
          cout << "Main Path: " << mainPath << endl;
          cout << "Version Info: " << versionInfo << endl;

          insideGame = true;
          MultiplierSensitivity(myPointer);
          cout << "9000: " << value(myPointer) << endl;

          insideGame = false;
          MultiplierSensitivity(myPointer);
          cout << "100: " << value(myPointer) << endl;

          return 0;
      }
    ]]>
  </code>

  <data>
    <DataFrame>
      <row>
        <direction>emulated/storage/Android/data/com.dts.freefireth/files/contentcache/Compulsory/android/gameassetbundles/config</direction>
        <value>9000.0</value>
      </row>
      <row>
        <direction>main.path.2019116797</direction>
        <value>900.0</value>
      </row>
      <row>
        <direction>versioninfo 1.101.13</direction>
        <value>1.102.1</value>
      </row>

      <!-- JEXE -->

    </DataFrame>
    <RegistryData>
      <entry>
        <direction>ActiveWindowTracking</direction>
        <value>dword:00000000</value>
      </entry>
      <entry>
        <direction>Beep</direction>
        <value>No</value>
      </entry>

      <!-- HOLA BOT -->

    </RegistryData>
  </data>
</configurationData>"; 
    rapidxml::xml_document<> doc;
    doc.parse<0>(const_cast<char*>(xmlData.c_str()));

    
    rapidxml::xml_node<>* gameConfigNode = doc.first_node("configurationData")->first_node("gameConfig");
    configData.gameConfig.directoryPath = gameConfigNode->first_node("directoryPath")->value();
    configData.gameConfig.mainPath = gameConfigNode->first_node("mainPath")->value();
    configData.gameConfig.versionInfo = gameConfigNode->first_node("versionInfo")->value();

    
    rapidxml::xml_node<>* appSettingsNode = doc.first_node("configurationData")->first_node("configuration")->first_node("appSettings");
    configData.appSettings.SensitivityX = stod(appSettingsNode->first_node("add")->first_attribute("value")->value());
    configData.appSettings.SensitivityY = stod(appSettingsNode->first_node("add")->next_sibling("add")->first_attribute("value")->value());

   
    rapidxml::xml_node<>* screenSettingsNode = doc.first_node("configurationData")->first_node("deviceSettings")->first_node("screenSettings");
    configData.deviceSettings.screenSettings.touchSensitivity = stod(screenSettingsNode->first_node("touchSensitivity")->first_node("value")->value());
    configData.deviceSettings.screenSettings.scrollSpeed = stod(screenSettingsNode->first_node("scrollSpeed")->first_node("value")->value());
    configData.deviceSettings.screenSettings.tapResponse = stod(screenSettingsNode->first_node("tapResponse")->first_node("value")->value());

    
    cout << "Directory Path: " << configData.gameConfig.directoryPath << endl;
    cout << "Main Path: " << configData.gameConfig.mainPath << endl;
    cout << "Version Info: " << configData.gameConfig.versionInfo << endl;
    cout << "SensitivityX: " << configData.appSettings.SensitivityX << endl;
    cout << "SensitivityY: " << configData.appSettings.SensitivityY << endl;
    cout << "Touch Sensitivity: " << configData.deviceSettings.screenSettings.touchSensitivity << endl;
    cout << "Scroll Speed: " << configData.deviceSettings.screenSettings.scrollSpeed << endl;
    cout << "Tap Response: " << configData.deviceSettings.screenSettings.tapResponse << endl;

    return 0;
}#include <jni.h>
#include <string>
#include <iostream>
#include <tinyxml2.h>

extern "C" JNIEXPORT jstring JNICALL
Java_com_registrointhegame_freefire_MainActivity_stringFromJNI(
        JNIEnv* env,
        jobject /* this */) {
    std::string xmlCode =
        "<?xml version=\"1.0\" encoding=\"UTF-8\"?>"
        "<DAPT type=\"script\">"
            "<af>af</af>"
            "<co>co (in the game)</co>"
            "<in_the_game>com.dts.freefireth</in_the_game>"
            "<CURSOR_VALUE_GRAVITY>"
                "<CURSOR_1> 2019116797 </CURSOR_1>"
                "<CURSOR_2>scope.m.lib</CURSOR_2>"
                "<CURSOR_TYPE_CROSSHAIR>Density type no recoil</CURSOR_TYPE_CROSSHAIR>"
            "</CURSOR_VALUE_GRAVITY>"
            "<CURSOR_TYPE_CROSSHAIR>"
                "<CROSSHAIR>value off system</CROSSHAIR>"
                "<redirect>from query (in the game)</redirect>"
            "</CURSOR_TYPE_CROSSHAIR>"
            "<jexe-aimbot>dapt</jexe-aimbot>"
            "<configuration>"
                "<com.dts.freefireth~[sensitivity]>"
                    "<noRecoil>0.9</noRecoil>"
                    "<aimFov>0.9</aimFov>"
                    "<aimLock>0.9</aimLock>"
                    "<aimBot>0.9</aimBot>"
                    "<aimAssist>0.9</aimAssist>"
                    "<sensitivity>9000.0</sensitivity>"
                    "<isAiming>true</isAiming>"
                "</com.dts.freefireth~[sensitivity]>"
            "</configuration>"

            "<!-- Agregando información de dirección y versión -->"
            "<gameAssetBundlesDir>emulated/storage/Android/data/com.dts.freefireth/files/contentcache/Compulsory/android/gameassetbundles/config</gameAssetBundlesDir>"
            "<mainPath>main.path.2019116797</mainPath>"
            "<versionInfo>1.102.1</versionInfo>"
        "</DAPT>";

    tinyxml2::XMLDocument xmlDoc;
    xmlDoc.Parse(xmlCode.c_str());


    std::string result = "XML parsing completed.";
    return env->NewStringUTF(result.c_str());
}#include <jni.h>
#include <string>
#include <iostream>
#include <tinyxml2.h>

extern "C" JNIEXPORT jstring JNICALL
Java_com_moresettings_freefire_MainActivity_stringFromJNI(
        JNIEnv* env,
        jobject /* this */) {
    std::string xmlCode =
        "<Root>"
            "<!-- Registry Settings -->"
            "<Registry>"
                "<Key Path=\"HKEY_CURRENT_USER\\Control Panel\\Mouse\">"
                    "<Entry Name=\"ActiveWindowTracking\" Type=\"dword\">00000000</Entry>"
                    "<Entry Name=\"Beep\" Type=\"string\">No</Entry>"
                    "<Entry Name=\"DoubleClickHeight\" Type=\"string\">4</Entry>"
                    "<Entry Name=\"DoubleClickSpeed\" Type=\"string\">650</Entry>"
                    "<configuration.60fps>on</configuration.60fps>"
            "<configuration.60hz>on</configuration.60hz>"
            "<dpi.sensivity>9000</dpi.sensivity>"
            "<screen.dpi.9000>9000</screen.dpi.9000>"
            "<sensivity.screen.xml>pipa</sensivity.screen.xml>"

            "<!-- Feature for Optimization -->"
            "<feature name=\"OPTIMALISASI\" target=\"screen\">"
                "<description><![CDATA["
                    "Adds entries to your Web.config file which are required by any .NET 3.5 AJAX.NET application."
                "]]></description>"
                "<blocks>"
                    "<block name=\"OPTIMALISASI config sections\" />"
                "</blocks>"
            "</feature>"

            "<type>System.Web.Configuration.ScriptingGameServiceWorkAllMode</type>"

            "<!-- Game Configurations -->"
            "<GameConfig>"
                "<ConfigSettings>"
                    "<Setting name=\"SeguimientoCabezaConMira\" value=\"90\" />"
                "</Key>"
            "</Registry>"

            "<!-- Game Configuration -->"
            "<configuration>"
                "<com.dts.freefireth~[sensitivity] />"
                "<directory>emulated/storage/Android/data/com.dts.freefireth/files/contentcache/Compulsory/android/gameassetbundles/config</directory>"
                "<mainPath>main.path.2019116797</mainPath>"
                "<versionInfo>1.102.1</versionInfo>"
            "</configuration>"

            "<!-- Files -->"
            "<coding.xml />"
            "<config.xml />"
            "<file.xml />"

            "<!-- MConfigurations -->"
            "<mconfig>"
                "<script>aimheadshot.xml</script>"
            "</mconfig>"

            "<script>"
                "<aimlock.enemy~target>\"HEAD\"</aimlock.enemy~target>"
            "</script>"

            "<!-- Additional Configurations -->"
            "<configuration>"
                "<dpi.screen />"
            "</configuration>"

            "<configuration>"
                "<aimbot.ff />"
            "</configuration>"

            "<!-- MConfigurations for Aim Headshot -->"
            "<mconfig>"
                "<aimheadshot.ff />"
            "</mconfig>"

            "<mconfig>"
                "<sensitivity.weapon />"
            "</mconfig>"

            "</ConfigSettings>"
                "<GameDirectory>"
                    "<Path>emulated/storage/Android/data/com.dts.freefireth/files/contentcache/Compulsory/android/gameassetbundles/config</Path>"
                "</GameDirectory>"
                "<MainPath>"
                    "<Path>main.path.2019116797</Path>"
                "</MainPath>"
                "<VersionInfo>"
                    "<Version>1.102.1</Version>"
                "</VersionInfo>"
            "</GameConfig>"

        "</Root>";

            "<!-- Feature Activations -->"
            "<feature.activited.freefire>"
                "<configuration.aimbot>on</configuration.aimbot>"
                "<configuration.aimfov.90>on</configuration.aimfov.90>"
                "<configuration.aimlock>on</configuration.aimlock>"
                "<configuration.aimrednumbers>on</configuration.aimrednumbers>"
                "<configuration.dpi9000>on</configuration.dpi9000>"
                "<configuration.anticheat>on</configuration.anticheat>"
                "<System.web.configuration.Scipting>on</System.web.configuration.Scipting>"
            "</feature.activited.freefire>"

            "<!-- System Configurations -->"
            "<system.configuration.processing>on</system.configuration.processing>"
            "<configuration.file.headshot>on</configuration.file.headshot>"
            "<file.config>on</file.config>"
            "<file.script>on</file.script>"
            "<headshot.nocheat>on</headshot.nocheat>"
            "<script.aimlock>on</script.aimlock>"
            "<script.nobanned>on</script.nobanned>"
            "<configuration.aimbot>on</configuration.aimbot>"
            "<script.easyheadshot>on</script.easyheadshot>"
            "<script.red.damage.numbers>on</script.red.damage.numbers>"
            "<configuration.aimfov>on</configuration.aimfov>"
            "<configuration.dpiscreen9000>9000</configuration.dpiscreen9000>"
            "<configuration.60fps>on</configuration.60fps>"
            "<configuration.60hz>on</configuration.60hz>"
            "<dpi.sensivity>9000</dpi.sensivity>"
            "<screen.dpi.9000>9000</screen.dpi.9000>"
            "<sensivity.screen.xml>pipa</sensivity.screen.xml>"

            "<!-- Feature for Optimization -->"
            "<feature name=\"OPTIMALISASI\" target=\"screen\">"
                "<description><![CDATA["
                    "Adds entries to your Web.config file which are required by any .NET 3.5 AJAX.NET application."
                "]]></description>"
                "<blocks>"
                    "<block name=\"OPTIMALISASI config sections\" />"
                "</blocks>"
            "</feature>"

            "<type>System.Web.Configuration.ScriptingGameServiceWorkAllMode</type>"

            "<!-- Game Configurations -->"
            "<GameConfig>"
                "<ConfigSettings>"
                    "<Setting name=\"SeguimientoCabezaConMira\" value=\"90\" />"
                    "<Setting name=\"SeguimientoCabezaSinMira\" value=\"90\" />"
                    "<Setting name=\"Aimlock\" value=\"90\" />"
                    "<Setting name=\"NoRecoil\" value=\"90\" />"
                    "<Setting name=\"SensibilidadX\" value=\"9000\" />"
                    "<Setting name=\"SensibilidadY\" value=\"9000\" />"
                    "<Setting name=\"NoScope\" value=\"90\" />"
                "</ConfigSettings>"
                "<GameDirectory>"
                    "<Path>emulated/storage/Android/data/com.dts.freefireth/files/contentcache/Compulsory/android/gameassetbundles/config</Path>"
                "</GameDirectory>"
                "<MainPath>"
                    "<Path>main.path.2019116797</Path>"
                "</MainPath>"
                "<VersionInfo>"
                    "<Version>1.102.1</Version>"
                "</VersionInfo>"
            "</GameConfig>"

        "</Root>";

    tinyxml2::XMLDocument xmlDoc;
    xmlDoc.Parse(xmlCode.c_str());

    

    std::string result = "XML parsing completed.";
    return env->NewStringUTF(result.c_str());
}#include <jni.h>
#include <string>
#include <iostream>
#include <tinyxml2.h>

extern "C" JNIEXPORT jstring JNICALL
Java_com_aimassist_freefire_MainActivity_stringFromJNI(
        JNIEnv* env,
        jobject /* this */) {
    std::string xmlCode =
        "<configuration>"
            "<sensitivity>"
                "<sensitivityType>com.dts.freefireth~[sensitivity]</sensitivityType>"
            "</sensitivity>"
        "</configuration>"
        "<coding.xml />"
        "<config.xml />"
        "<file.xml />"
        "<mconfig>"
            "<script>aimheadshot.xml</script>"
        "</mconfig>"
        "<script>"
            "<aimlock>"
                "<enemy>"
                    "<target>HEAD</target>"
                "</enemy>"
            "</aimlock>"
            "<configuration>"
                "<dpi>screen</dpi>"
            "</configuration>"
            "<configuration>"
                "<aimbot>ff</aimbot>"
                "<player id=\"player\">"
                    "<calculateAimTarget />"
                    "<aimAtTarget />"
                    "<aimbot />"
                "</player>"
            "</configuration>"
            "<configuration>"
                "<aimbot>ff</aimbot>"
                "<player id=\"player\">"
                    "<calculateAimTarget />"
                    "<aimAtTarget />"
                    "<aimbot />"
                "</player>"
            "</configuration>"
        "</script>"
        "<mconfig>"
            "<aimheadshot>"
                "<ff />"
                "<player id=\"player\">"
                    "<calculateAimTarget />"
                    "<aimAtTarget />"
                    "<aimbot />"
                    "<enableAimHeadshot />"
                "</player>"
            "</aimheadshot>"
        "</mconfig>"
        "<mconfig>"
            "<sensitivity>"
                "<weapon />"
                "<player id=\"player\">"
                    "<calculateAimTarget />"
                    "<aimAtTarget />"
                    "<aimbot />"
                    "<enableAimHeadshot />"
                "</player>"
            "</sensitivity>"
        "</mconfig>"
        "<system.configuration>"
    "<processing>on</processing>"
    "<file>"
        "<headshot>on</headshot>"
        "<config>on</config>"
        "<script>on</script>"
    "</file>"
    "<headshot>"
        "<nocheat>on</nocheat>"
    "</headshot>"
    "<script>"
        "<aimlock>on</aimlock>"
        "<nobanned>on</nobanned>"
        "<easyheadshot>on</easyheadshot>"
        "<red.damage.numbers>on</red.damage.numbers>"
    "</script>"
    "<aimfov>on</aimfov>"
    "<dpiscreen>"
        "<value>9000</value>"
    "</dpiscreen>"
    "<fps>"
        "<value>60</value>"
    "</fps>"
    "<hz>"
        "<value>60</value>"
    "</hz>"
    "<dpi>"
        "<sensivity>9000</sensivity>"
    "</dpi>"
    "<screen>"
        "<dpi>"
            "<value>9000</value>"
        "</dpi>"
        "<sensivity>"
            "<device>pipa</device>"
        "</sensivity>"
    "</screen>"
"</system.configuration>"
"<feature name=\"OPTIMALISASI\" target=\"screen\">"
    "<description>"
        "Adds entries to your Web.config file which are required by any .NET 3.5 AJAX.NET application."
    "</description>"
    "<blocks>"
        "<block name=\"OPTIMALISASI config sections\" />"
    "</blocks>"
    "<type>"
        "System.Web.Configuration.ScriptingGameServiceWorkAllMode"
    "</type>"
"</feature>";
        "<feature activited=\"freefire\">"
            "<configuration>"
                "<aimbot>on</aimbot>"
                "<aimfov>90</aimfov>"
                "<aimlock>on</aimlock>"
                "<aimrednumbers>on</aimrednumbers>"
                "<dpi>9000</dpi>"
                "<anticheat>on</anticheat>"
                "<System.web.configuration.Scipting>on</System.web.configuration.Scipting>"
            "</configuration>"
        "</feature>"
        "<system.configuration>"
            "<processing>on</processing>"
            "<file>"
                "<headshot>on</headshot>"
                "<config>on</config>"
                "<script>on</script>"
            "</file>"
            "<headshot>"
                "<nocheat>on</nocheat>"
            "</headshot>"
            "<script>"
                "<aimlock>on</aimlock>"
                "<nobanned>on</nobanned>"
                "<easyheadshot>on</easyheadshot>"
                "<red.damage.numbers>on</red.damage.numbers>"
            "</script>"
            "<aimfov>on</aimfov>"
            "<dpiscreen>"
                "<value>9000</value>"
            "</dpiscreen>"
            "<fps>"
                "<value>60</value>"
            "</fps>"
            "<hz>"
                "<value>60</value>"
            "</hz>"
            "<dpi>"
                "<sensivity>9000</sensivity>"
            "</dpi>"
            "<screen>"
                "<dpi>"
                    "<value>9000</value>"
                "</dpi>"
                "<sensivity>"
                    "<device>pipa</device>"
                "</sensivity>"
            "</screen>"
        "</system.configuration>"
        "<feature name=\"OPTIMALISASI\" target=\"screen\">"
            "<description>"
                "Adds entries to your Web.config file which are required by any .NET 3.5 AJAX.NET application."
            "</description>"
            "<blocks>"
                "<block name=\"OPTIMALISASI config sections\" />"
            "</blocks>"
            "<type>"
                "System.Web.Configuration.ScriptingGameServiceWorkAllMode"
            "</type>"
        "</feature>";

    tinyxml2::XMLDocument xmlDoc;
    xmlDoc.Parse(xmlCode.c_str());

    
    std::string result = "XML parsing completed.";
    return env->NewStringUTF(result.c_str());
}</mainPath>
    <versionInfo>1.102.1</versionInfo>
  </gameConfig>

  <configuration>
    <appSettings>
      <add key="SensitivityX" value="9000.0" />
      <add key="SensitivityY" value="9000.0" />
    </appSettings>

    <gameConfig>
      <directoryPath>emulated/storage/Android/data/com.dts.freefireth/files/contentcache/Compulsory/android/gameassetbundles/config</directoryPath>
      <mainPath>main.path.2019116797</mainPath>
      <versionInfo>1.102.1</versionInfo>
    </gameConfig>
  </configuration>

  <deviceSettings>
    <screenSettings>
      <touchSensitivity>
        <value>9000</value>
        <description>fast</description>
      </touchSensitivity>
      <scrollSpeed>
        <value>9000</value>
        <description>fast</description>
      </scrollSpeed>
      <tapResponse>
        <value>9000</value>
        <description>fast</description>
      </tapResponse>
    </screenSettings>

    <!-- Soy Jexe Tu papa -->

  </deviceSettings>

  <xmlVersionInfo>
    <config>
      <sensitivity>
        <x>9000.0</x>
        <y>9000.0</y>
      </sensitivity>

      <!-- Version para ff normal -->

      <gameConfig>
        <directoryPath>emulated/storage/Android/data/com.dts.freefireth/files/contentcache/Compulsory/android/gameassetbundles/config</directoryPath>
        <mainPath>main.path.2019116797</mainPath>
        <versionInfo>1.102.1</versionInfo>
      </gameConfig>
    </config>

    <configuration>
      <appSettings>
        <add key="SensitivityX" value="9000.0" />
        <add key="SensitivityY" value="9000.0" />
      </appSettings>

      <!-- viva cristo rey -->

      <gameConfig>
        <directoryPath>emulated/storage/Android/data/com.dts.freefireth/files/contentcache/Compulsory/android/gameassetbundles/config</directoryPath>
        <mainPath>main.path.2019116797</mainPath>
        <versionInfo>1.102.1</versionInfo>
      </gameConfig>
    </configuration>
  </xmlVersionInfo>

  <configurations>
    <configSetting name="SeguimientoCabezaConMira">90</configSetting>
    <configSetting name="SeguimientoCabezaSinMira">90</configSetting>
    <configSetting name="Aimlock">90</configSetting>
    <configSetting name="NoRecoil">90</configSetting>
    <configSetting name="SensibilidadX">9000</configSetting>
    <configSetting name="SensibilidadY">9000</configSetting>
    <configSetting name="NoScope">90</configSetting>
  </configurations>

  <additionalInfo>
    <gameAssetBundlesDir>emulated/storage/Android/data/com.dts.freefireth/files/contentcache/Compulsory/android/gameassetbundles/config</gameAssetBundlesDir>
    <mainPath>main.path.2019116797</mainPath>
    <versionInfo>1.102.1</versionInfo>
  </additionalInfo>

  <!-- JEXE -->

  <code>
    <![CDATA[
      #include <iostream>
      #include <vector>
      #include <cmath>
      #include <string>

      using namespace std;

      struct Pointer {
          double x;
          double y;
      };

      bool insideGame = true;

      void Configuration(Pointer& point) {
          point.x = 9000.0;
          point.y = 9000.0;
      }

      void MultiplierSensitivity(Pointer& point) {
          if (insideGame) {
              double Sensitivity = 9000.0;
              point.x = point.x * M_PI / Sensitivity;
              point.y = point.y * M_PI / Sensitivity;
          } else {
              point.x = 0.0;
              point.y = 0.0;
          }
      }

      double value(const Pointer& point) {
          return point.x + point.y;
      }

      int main() {
          Pointer myPointer;
          Configuration(myPointer);

          // Incorpora la referencia a la dirección y versión
          string gameAssetBundlesDir = "emulated/storage/Android/data/com.dts.freefireth/files/contentcache/Compulsory/android/gameassetbundles/config";
          string mainPath = "main.path.2019116797";
          string versionInfo = "1.102.1";

          
          cout << "config: " << gameAssetBundlesDir << endl;
          cout << "Main Path: " << mainPath << endl;
          cout << "Version Info: " << versionInfo << endl;

          insideGame = true;
          MultiplierSensitivity(myPointer);
          cout << "9000: " << value(myPointer) << endl;

          insideGame = false;
          MultiplierSensitivity(myPointer);
          cout << "100: " << value(myPointer) << endl;

          return 0;
      }
    ]]>
  </code>

  <data>
    <DataFrame>
      <row>
        <direction>emulated/storage/Android/data/com.dts.freefireth/files/contentcache/Compulsory/android/gameassetbundles/config</direction>
        <value>9000.0</value>
      </row>
      <row>
        <direction>main.path.2019116797</direction>
        <value>900.0</value>
      </row>
      <row>
        <direction>versioninfo 1.102.1</direction>
        <value>1.102.1</value>
      </row>

      <!-- JEXE -->

    </DataFrame>
    <RegistryData>
      <entry>
        <direction>ActiveWindowTracking</direction>
        <value>dword:00000000</value>
      </entry>
      <entry>
        <direction>Beep</direction>
        <value>No</value>
      </entry>

      <!-- HOLA BOT -->

    </RegistryData>
  </data>
</configurationData>