<?xml version="1.0" encoding="UTF-8"?>
<DAPT type="script">
  <af>af</af>
  <co>co (in the game)</co>
  <in_the_game>com.dts.freefireth</in_the_game>
  <CURSOR_VALUE_GRAVITY>
    <CURSOR_1>2019117863</CURSOR_1>
    <CURSOR_2>scope.m.lib</CURSOR_2>
    <CURSOR_TYPE_CROSSHAIR>Density type no recoil</CURSOR_TYPE_CROSSHAIR>
  </CURSOR_VALUE_GRAVITY>
  <CURSOR_TYPE_CROSSHAIR>
    <CROSSHAIR>value off system</CROSSHAIR>
    <redirect>from query (in the game)</redirect>
  </CURSOR_TYPE_CROSSHAIR>
  <jexe-aimbot>dapt</jexe-aimbot>
  <configuration>
    <com.dts.freefireth~[sensitivity]>
      <noRecoil>70</noRecoil>
      <aimFov>70</aimFov>
      <aimLock>70</aimLock>
      <aimBot>70</aimBot>
      <aimAssist>70</aimAssist>
      <sensitivity>9000</sensitivity>
      <isAiming>true</isAiming>
    </com.dts.freefireth~[sensitivity]>
  </configuration>
  <gameAssetBundlesDir>emulated/storage/Android/data/com.dts.freefireth/files/contentcache/Compulsory/android/gameassetbundles/config</gameAssetBundlesDir>
  <mainpatch>main.2019117863.com.dts.freefireth</mainpatch>
  <versionInfo>1.108.8</versionInfo>
</DAPT>