<?xml version="1.0" encoding="UTF-8"?>
<FreeFireConfiguration>
    <DeviceInformation>
        <PhoneModel>Any</PhoneModel>
        <OSVersion>Any</OSVersion>
        <Processor>Any</Processor>
        <RAM>Any</RAM>
        <Storage>Any</Storage>
    </DeviceInformation>
    <GameSettings>
        <Version>1.106.17</Version>
        <Sensitivity>9000</Sensitivity>
        <AimFieldOfView>70</AimFieldOfView>
        <AimbotStrength>70</AimbotStrength>
        <AimLockHead>70</AimLockHead>
        <DisplayRedDamageNumbers>true</DisplayRedDamageNumbers>
        <DPI>9000</DPI>
        <FrameRate>60</FrameRate>
        <RefreshRate>90hz</RefreshRate>
    </GameSettings>
    <Features>
        <Optimization>true</Optimization>
        <AntiCheatProtection>true</AntiCheatProtection>
        <AllowScripting>true</AllowScripting>
    </Features>
</FreeFireConfiguration>