<configurationData>
  <gameConfig>
    <directoryPath>emulated/storage/Android/data/com.dts.freefireth/files/contentcache/Compulsory/android/gameassetbundles/config</directoryPath>
    <mainPath>main.path.2019116797</mainPath>
    <versionInfo>1.102.1</versionInfo>
  </gameConfig>

  <configuration>
    <appSettings>
      <add key="SensitivityX" value="9000.0" />
      <add key="SensitivityY" value="9000.0" />
    </appSettings>

    <gameConfig>
      <directoryPath>emulated/storage/Android/data/com.dts.freefireth/files/contentcache/Compulsory/android/gameassetbundles/config</directoryPath>
      <mainPath>main.path.2019116797</mainPath>
      <versionInfo>1.102.1</versionInfo>
    </gameConfig>
  </configuration>

  <deviceSettings>
    <screenSettings>
      <touchSensitivity>
        <value>9000</value>
        <description>fast</description>
      </touchSensitivity>
      <scrollSpeed>
        <value>9000</value>
        <description>fast</description>
      </scrollSpeed>
      <tapResponse>
        <value>9000</value>
        <description>fast</description>
      </tapResponse>
    </screenSettings>

      </deviceSettings>

  <xmlVersionInfo>
    <config>
      <sensitivity>
        <x>9000.0</x>
        <y>9000.0</y>
      </sensitivity>

            <gameConfig>
        <directoryPath>emulated/storage/Android/data/com.dts.freefireth/files/contentcache/Compulsory/android/gameassetbundles/config</directoryPath>
        <mainPath>main.path.2019116797</mainPath>
        <versionInfo>1.102.1</versionInfo>
      </gameConfig>
    </config>

    <configuration>
      <appSettings>
        <add key="SensitivityX" value="9000.0" />
        <add key="SensitivityY" value="9000.0" />
      </appSettings>

            <gameConfig>
        <directoryPath>emulated/storage/Android/data/com.dts.freefireth/files/contentcache/Compulsory/android/gameassetbundles/config</directoryPath>
        <mainPath>main.path.2019116797</mainPath>
        <versionInfo>1.102.1</versionInfo>
      </gameConfig>
    </configuration>
  </xmlVersionInfo>

