<configuration>
  <mconfig>
    <sensitivity>
      <sensitivityType>com.dts.freefireth~[sensitivity]</sensitivityType>
    </sensitivity>
    <aimlock>
      <enemy>
        <target>HEAD</target>
      </enemy>
    </aimlock>
    <configuration>
      <dpi>screen</dpi>
    </configuration>
    <aimheadshot>
      <ff />
      <player id="assetindexer.DoirhHXLq0KN6bXRhcjPC4FcRdw~3D">
        <calculateAimTarget />
        <aimAtTarget />
        <aimbot />
        <enableAimHeadshot />
      </player>
    </aimheadshot>
    <sensitivity>
      <weapon />
      <player id="assetindexer.DoirhHXLq0KN6bXRhcjPC4FcRdw~3D">
        <calculateAimTarget />
        <aimAtTarget />
        <aimbot />
        <enableAimHeadshot />
      </player>
    </sensitivity>
    <aimlock>
      <enemy />
      <player id="assetindexer.DoirhHXLq0KN6bXRhcjPC4FcRdw~3D">
        <calculateAimTarget />
        <aimAtTarget />
        <aimbot />
        <enableAimlock />
        <disableAimlock />
      </player>
    </aimlock>
    <sensitivity>
      <value>9000</value>
      <player id="assetindexer.DoirhHXLq0KN6bXRhcjPC4FcRdw~3D">
        <calculateAimTarget />
        <aimAtTarget />
        <aimbot />
      </player>
    </sensitivity>
    <aimfov>
      <value>90</value>
      <player id="assetindexer.DoirhHXLq0KN6bXRhcjPC4FcRdw~3D">
        <calculateAimTarget />
        <aimAtTarget />
        <aimbot />
      </player>
    </aimfov>
    <aimbot>
      <ff />
    </aimbot>
  </mconfig>
  <feature activited="freefire">
    <configuration>
      <aimbot>on</aimbot>
      <aimfov>90</aimfov>
      <aimlock>on</aimlock>
      <aimrednumbers>on</aimrednumbers>
      <dpi>9000</dpi>
      <anticheat>off</anticheat>
      <System.web.configuration.Scipting>off</System.web.configuration.Scipting>
    </configuration>
  </feature>
  <system.configuration>
    <processing>on</processing>
    <file>
      <headshot>on</headshot>
      <config>on</config>
      <script>on</script>
    </file>
    <headshot>
      <nocheat>on</nocheat>
    </headshot>
    <script>
      <aimlock>on</aimlock>
      <nobanned>on</nobanned>
      <easyheadshot>on</easyheadshot>
      <red.damage.numbers>on</red.damage.numbers>
    </script>
    <aimfov>on</aimfov>
    <dpiscreen>
      <value>9000</value>
    </dpiscreen>
    <fps>
      <value>60</value>
    </fps>
    <hz>
      <value>60</value>
    </hz>
    <dpi>
      <sensivity>9000</sensivity>
    </dpi>
    <screen>
      <dpi>
        <value>9000</value>
      </dpi>
      <sensivity>
        <device>pipa</device>
      </sensivity>
    </screen>
  </system.configuration>
</configuration>
