<?xml version="1.0" encoding="UTF-8"?>
<configurations>
  <WeaponConfiguration_M4A1>
    <AutoAim>
      <percentage>100</percentage>
      <target>HEAD</target>
    </AutoAim>
    <NoRecoil>100</NoRecoil>
    <SetWeaponSensitivity>9000</SetWeaponSensitivity>
  </WeaponConfiguration_M4A1>

  <WeaponConfiguration_AK47>
    <AutoAim>
      <percentage>100</percentage>
      <target>HEAD</target>
    </AutoAim>
    <NoRecoil>100</NoRecoil>
    <SetWeaponSensitivity>9000</SetWeaponSensitivity>
  </WeaponConfiguration_AK47>

  <WeaponConfiguration_FAMAS>
    <AutoAim>
      <percentage>100</percentage>
      <target>HEAD</target>
    </AutoAim>
    <NoRecoil>100</NoRecoil>
    <SetWeaponSensitivity>9000</SetWeaponSensitivity>
  </WeaponConfiguration_FAMAS>

  <WeaponConfiguration_Groza>
    <AutoAim>
      <percentage>100</percentage>
      <target>HEAD</target>
    </AutoAim>
    <NoRecoil>100</NoRecoil>
    <SetWeaponSensitivity>9000</SetWeaponSensitivity>
  </WeaponConfiguration_Groza>

  <WeaponConfiguration_SCAR>
    <AutoAim>
      <percentage>100</percentage>
      <target>HEAD</target>
    </AutoAim>
    <NoRecoil>100</NoRecoil>
    <SetWeaponSensitivity>9000</SetWeaponSensitivity>
  </WeaponConfiguration_SCAR>

  <WeaponConfiguration_AWM>
    <AutoAim>
      <percentage>100</percentage>
      <target>HEAD</target>
    </AutoAim>
    <NoRecoil>100</NoRecoil>
    <SetWeaponSensitivity>900</SetWeaponSensitivity>
  </WeaponConfiguration_AWM>

  <WeaponConfiguration_Kar98k>
    <AutoAim>
      <percentage>100</percentage>
      <target>HEAD</target>
    </AutoAim>
    <NoRecoil>100</NoRecoil>
    <SetWeaponSensitivity>900</SetWeaponSensitivity>
  </WeaponConfiguration_Kar98k>

  <WeaponConfiguration_Dragunov>
    <AutoAim>
      <percentage>100</percentage>
      <target>HEAD</target>
    </AutoAim>
    <NoRecoil>100</NoRecoil>
    <SetWeaponSensitivity>900</SetWeaponSensitivity>
  </WeaponConfiguration_Dragunov>

  <WeaponConfiguration_M82B>
    <AutoAim>
      <percentage>100</percentage>
      <target>HEAD</target>
    </AutoAim>
    <NoRecoil>100</NoRecoil>
    <SetWeaponSensitivity>900</SetWeaponSensitivity>
  </WeaponConfiguration_M82B>

  <WeaponConfiguration_SKS>
    <AutoAim>
      <percentage>100</percentage>
      <target>HEAD</target>
    </AutoAim>
    <NoRecoil>100</NoRecoil>
    <SetWeaponSensitivity>9000</SetWeaponSensitivity>
  </WeaponConfiguration_SKS>

  <WeaponConfiguration_MP40>
    <AutoAim>
      <percentage>100</percentage>
      <target>HEAD</target>
    </AutoAim>
    <NoRecoil>100</NoRecoil>
    <SetWeaponSensitivity>9000</SetWeaponSensitivity>
  </WeaponConfiguration_MP40>

  <WeaponConfiguration_MP5>
    <AutoAim>
      <percentage>100</percentage>
      <target>HEAD</target>
    </AutoAim>
    <NoRecoil>100</NoRecoil>
    <SetWeaponSensitivity>9000</SetWeaponSensitivity>
  </WeaponConfiguration_MP5>

  <WeaponConfiguration_UMP45>
    <AutoAim>
      <percentage>100</percentage>
      <target>HEAD</target>
    </AutoAim>
    <NoRecoil>100</NoRecoil>
    <SetWeaponSensitivity>9000</SetWeaponSensitivity>
  </WeaponConfiguration_UMP45>

  <WeaponConfiguration_Vector>
    <AutoAim>
      <percentage>100</percentage>
      <target>HEAD</target>
    </AutoAim>
    <NoRecoil>100</NoRecoil>
    <SetWeaponSensitivity>900</SetWeaponSensitivity>
  </WeaponConfiguration_Vector>

  <WeaponConfiguration_P90>
    <AutoAim>
      <percentage>100</percentage>
      <target>HEAD</target>
    </AutoAim>
    <NoRecoil>100</NoRecoil>
    <SetWeaponSensitivity>9000</SetWeaponSensitivity>
  </WeaponConfiguration_P90>

  <WeaponConfiguration_M1014>
    <AutoAim>
      <percentage>100</percentage>
      <target>HEAD</target>
    </AutoAim>
    <NoRecoil>100</NoRecoil>
    <SetWeaponSensitivity>9000</SetWeaponSensitivity>
  </WeaponConfiguration_M1014>

  <WeaponConfiguration_SPAS12>
    <AutoAim>
      <percentage>100</percentage>
      <target>HEAD</target>
    </AutoAim>
    <NoRecoil>100</NoRecoil>
    <SetWeaponSensitivity>9000</SetWeaponSensitivity>
  </WeaponConfiguration_SPAS12>

  <WeaponConfiguration_M1887>
    <AutoAim>
      <percentage>100</percentage>
      <target>HEAD</target>
    </AutoAim>
    <NoRecoil>100</NoRecoil>
    <SetWeaponSensitivity>9000</SetWeaponSensitivity>
  </WeaponConfiguration_M1887>

  <WeaponConfiguration_SVD>
    <AutoAim>
      <percentage>100</percentage>
      <target>HEAD</target>
    </AutoAim>
    <NoRecoil>100</NoRecoil>
    <SetWeaponSensitivity>9000</SetWeaponSensitivity>
  </WeaponConfiguration_SVD>

  <WeaponConfiguration_XM8>
    <AutoAim>
      <percentage>100</percentage>
      <target>HEAD</target>
    </AutoAim>
    <NoRecoil>100</NoRecoil>
    <SetWeaponSensitivity>9000</SetWeaponSensitivity>
  </WeaponConfiguration_XM8>

  <WeaponConfiguration_M249>
    <AutoAim>
      <percentage>100</percentage>
      <target>HEAD</target>
    </AutoAim>
    <NoRecoil>100</NoRecoil>
    <SetWeaponSensitivity>9000</SetWeaponSensitivity>
  </WeaponConfiguration_M249>

  <WeaponConfiguration_MG42>
    <AutoAim>
      <percentage>100</percentage>
      <target>HEAD</target>
    </AutoAim>
    <NoRecoil>100</NoRecoil>
    <SetWeaponSensitivity>900</SetWeaponSensitivity>
  </WeaponConfiguration_MG42>

  <WeaponConfiguration_M1919A4>
    <AutoAim>
      <percentage>100</percentage>
      <target>HEAD</target>
    </AutoAim>
    <NoRecoil>100</NoRecoil>
    <SetWeaponSensitivity>9000</SetWeaponSensitivity>
  </WeaponConfiguration_M1919A4>

  <WeaponConfiguration_Gatling>
    <AutoAim>
      <percentage>100</percentage>
      <target>HEAD</target>
    </AutoAim>
    <NoRecoil>100</NoRecoil>
    <SetWeaponSensitivity>900</SetWeaponSensitivity>
  </WeaponConfiguration_Gatling>

  <WeaponConfiguration_DesertEagle>
    <AutoAim>
      <percentage>100</percentage>
      <target>HEAD</target>
    </AutoAim>
    <NoRecoil>100</NoRecoil>
    <SetWeaponSensitivity>9000</SetWeaponSensitivity>
  </WeaponConfiguration_DesertEagle>

  <WeaponConfiguration_M1000>
    <AutoAim>
      <percentage>100</percentage>
      <target>HEAD</target>
    </AutoAim>
    <NoRecoil>100</NoRecoil>
    <SetWeaponSensitivity>9000</SetWeaponSensitivity>
  </WeaponConfiguration_M1000>

  <WeaponConfiguration_USP>
    <AutoAim>
      <percentage>100</percentage>
      <target>HEAD</target>
    </AutoAim>
    <NoRecoil>100</NoRecoil>
    <SetWeaponSensitivity>9000</SetWeaponSensitivity>
  </WeaponConfiguration_USP>

  <WeaponConfiguration_G18>
    <AutoAim>
      <percentage>100</percentage>
      <target>HEAD</target>
    </AutoAim>
    <NoRecoil>100</NoRecoil>
    <SetWeaponSensitivity>9000</SetWeaponSensitivity>
  </WeaponConfiguration_G18>

  <WeaponConfiguration_M1873>
    <AutoAim>
      <percentage>100</percentage>
      <target>HEAD</target>
    </AutoAim>
    <NoRecoil>100</NoRecoil>
    <SetWeaponSensitivity>9000</SetWeaponSensitivity>
  </WeaponConfiguration_M1873>

  <WeaponConfiguration_Woodpecker>
    <AutoAim>
      <percentage>100</percentage>
      <target>HEAD</target>
    </AutoAim>
    <NoRecoil>100</NoRecoil>
    <SetWeaponSensitivity>9000</SetWeaponSensitivity>
  </WeaponConfiguration_Woodpecker>
</configurations>
