<configuraciones>
    <integer name="config_defaultRefreshRate">90</integer>
    <integer name="config_defaultPeakRefreshRate">90</integer>
    <property name="ro.zygote.preload.enable">0</property>
    <property name="ro.zygote.preload.disable">1</property>
    <property name="debug.cpurend.vsync">false</property>
    <property name="ro.removethermal.remove">true</property>
    <property name="ro.mtk.removethermal">true</property>
    <property name="ro.thermals.off">false</property>
    <property name="Settings.System.PEAK_REFRESH_RATE">0</property>
    <property name="Settings.System.MIN_REFRESH_RATE">0</property>
    <property name="pm.dexopt.first-boot">speed</property>
    <property name="pm.dexopt.install">speed</property>
    <property name="hwui.disable_vsync">true</property>
    <property name="max_pwrlevel">0</property>
    <property name="debug.enabletr">true</property>
    <property name="debug.qctwa.preservebuf">1</property>
    <property name="dev.pm.dyn_samplingrate">1</property>
    <property name="ro.vold.umsdirtyratio">20</property>
    <property name="debug.overlayui.enable">1</property>
    <property name="debug.egl.hw">1</property>
    <property name="ro.fb.mode">1</property>
    <property name="hw3d.force">1</property>
    <property name="persist.sys.ui.hw">1</property>
    <property name="ro.sf.compbypass.enable">0</property>
    <property name="debug.sf.hw">1</property>
    <property name="debug.composition.type">c2d</property>
    <property name="persist.sys.composition.type">c2d</property>
    <property name="debug.performance.tuning">1</property>
    <property name="ENFORCE_PROCESS_LIMIT">false</property>
    <property name="CONTENT_APP_IDLE_OFFSET">false</property>
    <property name="sys.keep_app_1">com.teslacoilsw.launcher</property>
    <property name="sys.keep_app_2">appbuck3t.youtubeadskipper</property>
    <property name="sys.keep_app_3">com.android.inputmethod.latin</property>
    <property name="sys.keep_app_4">com.android.systemui</property>
</configuraciones>