<?xml version="1.0" encoding="UTF-8"?>
<AimlockConfiguration>
    <DeviceInformation>
        <PhoneModel>Any</PhoneModel>
        <OSVersion>Any</OSVersion>
        <Processor>Any</Processor>
        <RAM>Any</RAM>
        <Storage>Any</Storage>
        <GameVersion>1.108.8</GameVersion>
    </DeviceInformation>
    <AimlockSettings>
        <AimFieldOfView>90</AimFieldOfView>
        <AimbotStrength>90</AimbotStrength>
        <AimLockHead>90</AimLockHead>
        <DisplayRedDamageNumbers>true</DisplayRedDamageNumbers>
        <Sensitivity>9000</Sensitivity>
        <DPI>9000</DPI>
        <FrameRate>60</FrameRate>
        <RefreshRate>90hz</RefreshRate>
    </AimlockSettings>
</AimlockConfiguration>>