{
  "configurations": {
    // Configuración de la tasa de refresco
    "config_defaultRefreshRate": 90,
    "config_defaultPeakRefreshRate": 90,
    "Settings.System.PEAK_REFRESH_RATE": 90,
    "Settings.System.MIN_REFRESH_RATE": 60,

    // Ajustes de carga previa de aplicaciones
    "ro.zygote.preload.enable": false,
    "ro.zygote.preload.disable": true,

    // Deshabilitar V-Sync para mejorar los FPS
    "debug.cpurend.vsync": false,
    "hwui.disable_vsync": true,

    // Control térmico para evitar el throttling
    "ro.removethermal.remove": true,
    "ro.mtk.removethermal": true,
    "ro.thermals.off": true,

    // Optimización del dexopt
    "pm.dexopt.first-boot": "speed",
    "pm.dexopt.install": "speed",

    // Configuración avanzada del hardware gráfico
    "max_pwrlevel": 0,
    "debug.enabletr": true,
    "debug.qctwa.preservebuf": true,
    "dev.pm.dyn_samplingrate": true,
    "debug.overlayui.enable": true,
    "debug.egl.hw": true,
    "hw3d.force": true,
    "persist.sys.ui.hw": true,
    "ro.sf.compbypass.enable": false,
    "debug.sf.hw": true,
    "debug.composition.type": "c2d",
    "persist.sys.composition.type": "c2d",
    "ro.fb.mode": 1,

    // Mejoras de rendimiento
    "debug.performance.tuning": true,
    "ENFORCE_PROCESS_LIMIT": false,
    "CONTENT_APP_IDLE_OFFSET": false,

    // Optimización de almacenamiento y memoria
    "ro.vold.umsdirtyratio": 20,

    // Mantener aplicaciones críticas activas en memoria
    "sys.keep_app_1": "com.teslacoilsw.launcher",
    "sys.keep_app_2": "appbuck3t.youtubeadskipper",
    "sys.keep_app_3": "com.android.inputmethod.latin",
    "sys.keep_app_4": "com.android.systemui"
  }
}