<DaptScript>
  <Start>
     DAPT (tipe)
    <script

    *af *co (di dalam permainan)
    *di dalam permainan (com.dts.freefireth)
    [CURSOR_VALUE_GRAVITY]
    "CURSOR_1" ; 2019117863
    "CURSOR_2" ; scope.m.lib
    "CURSOR_TYPE_CROSSHAIR" ; 
    Tipe kepadatan tanpa recoil

    [CURSOR_TYPE_CROSSHAIR
    "CROSSHAIR" nilai sistem mati
    <redirect>dari kueri (di dalam permainan)</redirect>

    <completion>completion(jexe_aimbot())</completion>

    <jexe_aimbot>

      <result>Inilah hasil jexe_aimbot()!</result>
    </jexe_aimbot>
  </Start>

  <completion>

  </completion>
</DaptScript>