<?xml version="1.0" encoding="UTF-8"?>
<FreeFireConfiguration>
    <DeviceInformation>
        <PhoneModel>Any</PhoneModel>
        <OSVersion>Any</OSVersion>
        <Processor>Any</Processor>
        <RAM>Any</RAM>
        <Storage>Any</Storage>
        <ScreenResolutionDPI>Any</ScreenResolutionDPI>
        <PermissionsAccess>system_settings, storage</PermissionsAccess>
        <SecurityConfig>auth_faceid, auth_touchid, encryption_enabled</SecurityConfig>
        <UserPreferences>sensitivity_high, graphics_high, performance_optimized</UserPreferences>
        <NetworkConnectivity>Any</NetworkConnectivity>
        <InstalledApps>Any</InstalledApps>
        <GameVersion>1.108.8</GameVersion>
    </DeviceInformation>
    <Sensitivity>
        <TouchSensitivity>9000</TouchSensitivity>
        <JoystickSensitivity>9000</JoystickSensitivity>
        <AimFieldOfView>90</AimFieldOfView>
    </Sensitivity>
    <AimSettings>
        <AimLock>enabled</AimLock>
        <AimLockSensitivity>90</AimLockSensitivity>
        <AimbotStrength>90</AimbotStrength>
    </AimSettings>
    <RecoilSettings>
        <NoRecoil>enabled</NoRecoil>
        <RecoilReduction>Any</RecoilReduction>
    </RecoilSettings>
    <SuppressorSettings>
        <PerShotValue>90</PerShotValue>
        <PerShotFactor>90</PerShotFactor>
        <PerSightValue>90</PerSightValue>
        <PerSightFactor>90</PerSightFactor>
    </SuppressorSettings>
    <CustomValues>
        <View>200</View>
        <Scope1X>90</Scope1X>
        <Scope2X>90</Scope2X>
        <Scope4X>90</Scope4X>
        <Scope8X>90</Scope8X>
        <DPI>9000</DPI>
        <FOV>90</FOV>
        <TouchSensitivity>9000</TouchSensitivity>
        <X>0x384</X>
        <Y>0x384</Y>
    </CustomValues>
    <SpecialKeys>
        <Return>#R</Return>
        <ESC>#E</ESC>
        <Tab>#T</Tab>
        <Hash>#H</Hash>
    </SpecialKeys>
    <Signature>
        <Creator>@JEXEREGEDIT</Creator>
        <Version>1.108.8</Version>
    </Signature>
</FreeFireConfiguration>