{
    "aimheadshot": "on",
    "dpi.screen": 9000,
    "aimbot.ff": "on",
    "aimheadshot.ff": "on",
    "sensitivity.weapon": 9000,
    "aimlock.enemy": "HEAD",
    "aimfov": 9000,
    "features": {
        "freefire": {
            "aimbot": "on",
            "aimfov.90": "on",
            "aimlock": "on",
            "aimrednumbers": "on",
            "dpi.9000": "on",
            "anticheat": "on"
        }
    },
    "system": {
        "web.configuration.scripting": "on",
        "processing": "on",
        "file.headshot": "on",
        "file.config": "on",
        "script": "on",
        "headshot.nocheat": "on",
        "script.aimlock": "on",
        "script.nobanned": "on",
        "script.easyheadshot": "on",
        "script.red.damage.numbers": "on",
        "aimfov": "on",
        "dpiscreen.9000": 9000,
        "60fps": "on",
        "60hz": "on",
        "dpi.sensitivity": 9000
    },
    "OPTIMALISASI": {
        "description": "Adds entries to your Web.config file which are required by any .NET 3.5 AJAX.NET application.",
        "blocks": [
            {
                "name": "OPTIMALISASI",
                "config_sections": ""
            }
        ]
    },
    "type": "System.Web.Configuration.ScriptingGameServiceWorkAllMode"
}