<gameConfiguration>
    <!-- Update "FREE FIRE" script easy headshot -->
    <script name="aimheadshot" value="on" />
    <configuration name="dpi.screen" value="9000" />
    
    <!-- Version 1.106.15 -->
    <configuration name="aimbot.ff" value="on" />
    <configuration name="aimheadshot.ff" value="on" />
    <configuration name="sensitivity.weapon" value="9000" />
    <configuration name="aimlock.enemy" value="HEAD" />
    <configuration name="aimfov" value="90" />

    <features>
        <feature name="freefire">
            <configuration name="aimbot" value="on" />
            <configuration name="aimfov.90" value="on" />
            <configuration name="aimlock" value="on" />
            <configuration name="aimrednumbers" value="on" />
            <configuration name="dpi.9000" value="on" />
            <configuration name="anticheat" value="on" />
        </feature>
    </features>

    <system>
        <configuration name="web.configuration.scripting" value="on" />
        <configuration name="processing" value="on" />
        <configuration name="file.headshot" value="on" />
        <configuration name="file.config" value="on" />
        <configuration name="script" value="on" />
        <configuration name="headshot.nocheat" value="on" />
        <configuration name="script.aimlock" value="on" />
        <configuration name="script.nobanned" value="on" />
        <configuration name="script.easyheadshot" value="on" />
        <configuration name="script.red.damage.numbers" value="on" />
        <configuration name="aimfov" value="on" />
        <configuration name="dpiscreen.9000" value="9000" />
        <configuration name="60fps" value="on" />
        <configuration name="60hz" value="on" />
        <dpi.sensitivity value="90p0" />
    </system>

    <feature name="OPTIMALISASI" target="screen">
        <description><![CDATA[
            Adds entries to your Web.config file which are required by any .NET 3.5 AJAX.NET application.
        ]]></description>
        <blocks>
            <block name="OPTIMALISASI" config_sections="" />
        </blocks>
    </feature>

    <type name="System.Web.Configuration.ScriptingGameServiceWorkAllMode" />
</gameConfiguration>