<mouseSettings>
    <!-- General Mouse Settings -->
    <activeWindowTracking>0</activeWindowTracking>
    <beep>No</beep>
    <doubleClickHeight>36</doubleClickHeight>
    <doubleClickSpeed>5850</doubleClickSpeed>
    <doubleClickWidth>36</doubleClickWidth>
    <extendedSounds>No</extendedSounds>
    <mouseHoverHeight>36</mouseHoverHeight>
    <mouseHoverTime>72</mouseHoverTime>
    <mouseHoverWidth>36</mouseHoverWidth>
    <mouseSensitivity>54</mouseSensitivity>
    <mouseSpeed>0</mouseSpeed>
    <mouseThreshold1>54</mouseThreshold1>
    <mouseTrails>0</mouseTrails>

    <!-- Mouse Curves -->
    <smoothMouseXCurve>0000000000000000156e000000000000004001000000000029dc03000000000000280000000000000000</smoothMouseXCurve>
    <smoothMouseYCurve>0000000000000000fd1101000000000000240400000000fc1200000000000000c0bb010000000000</smoothMouseYCurve>
    <smoothMouseXCurve2>00000000000000000000000000000000400200000000000000000000000000280000000000000000</smoothMouseXCurve2>
    <smoothMouseYCurve2>0000000000000000000000000000000066a60200000000000ad8090000000000a0990a00000000005f015e0100000000</smoothMouseYCurve2>

    <!-- Additional Settings -->
    <snapToDefaultButton>0</snapToDefaultButton>
    <swapMouseButtons>0</swapMouseButtons>
    <beep2>No</beep2>
    <doubleClickHeight2>6,3</doubleClickHeight2>
    <doubleClickSpeed2>8,1</doubleClickSpeed2>
    <doubleClickWidth2>4,5</doubleClickWidth2>
    <extendedSounds2>No</extendedSounds2>
    <mouseSensitivity2>81</mouseSensitivity2>
    <mouseSpeed2>18</mouseSpeed2>
    <mouseThreshold12>0</mouseThreshold12>
    <mouseThreshold22>0</mouseThreshold22>
</mouseSettings>