{
    "activeWindowTracking": 0,
    "beep": "No",
    "doubleClickHeight": 36,
    "doubleClickSpeed": 5850,
    "doubleClickWidth": 36,
    "extendedSounds": "No",
    "mouseHoverHeight": 36,
    "mouseHoverTime": 72,
    "mouseHoverWidth": 36,
    "mouseSensitivity": 54,
    "mouseSpeed": 0,
    "mouseThreshold1": 54,
    "mouseTrails": 0,
    "smoothMouseXCurve": "0000000000000000156e000000000000004001000000000029dc03000000000000280000000000000000",
    "smoothMouseYCurve": "0000000000000000fd1101000000000000240400000000fc1200000000000000c0bb010000000000",
    "smoothMouseXCurve2": "00000000000000000000000000000000400200000000000000000000000000280000000000000000",
    "smoothMouseYCurve2": "0000000000000000000000000000000066a60200000000000ad8090000000000a0990a00000000005f015e0100000000",
    "snapToDefaultButton": 0,
    "swapMouseButtons": 0,
    "beep2": "No",
    "doubleClickHeight2": "6,3",
    "doubleClickSpeed2": "8,1",
    "doubleClickWidth2": "4,5",
    "extendedSounds2": "No",
    "mouseSensitivity2": 81,
    "mouseSpeed2": 18,
    "mouseThreshold12": 0,
    "mouseThreshold22": 0
}