<?xml version="1.0" encoding="UTF-8"?>
<SensitivityConfiguration>
    <DeviceInformation>
        <PhoneModel>Any</PhoneModel>
        <OSVersion>Any</OSVersion>
        <Processor>Any</Processor>
        <RAM>Any</RAM>
        <Storage>Any</Storage>
        <ScreenResolutionDPI>Any</ScreenResolutionDPI>
        <PermissionsAccess>system_settings, storage</PermissionsAccess>
        <SecurityConfig>auth_faceid, auth_touchid, encryption_enabled</SecurityConfig>
        <UserPreferences>sensitivity_high, graphics_high, performance_optimized</UserPreferences>
        <NetworkConnectivity>Any</NetworkConnectivity>
        <InstalledApps>Any</InstalledApps>
        <GameVersion>1.108.8</GameVersion>
    </DeviceInformation>
    <DefaultValues>
        <View>200</View>
        <1XSC>200</1XSC>
        <2XSC>200</2XSC>
        <4XSC>200</4XSC>
        <8XSC>200</8XSC>
        <DPI>900</DPI>
        <FOV>70</FOV>
        <TouchSensitivity>9000</TouchSensitivity>
        <X>9000</X>
        <Y>9000</Y>
    </DefaultValues>
    <CustomValues>
        <View>200</View>
        <1XSC>90</1XSC>
        <2XSC>90</2XSC>
        <4XSC>90</4XSC>
        <8XSC>90</8XSC>
        <DPI>9000</DPI>
        <FOV>90</FOV>
        <TouchSensitivity>9000</TouchSensitivity>
        <X>9000</X>
        <Y>9000</Y>
    </CustomValues>
</SensitivityConfiguration>>