<xmlVersionInfo>
  <config>
    <sensitivity>
      <x>9000</x>
      <y>9000</y>
    </sensitivity>
    <gameConfig>
      <directoryPath>/storage/emulated/Android/data/com.dts.freefireth/files/contentcache/Compulsory/android/gameassetbundles/config</directoryPath>
      <mainPath>2019117863</mainPath>
      <versionInfo>1.108.8</versionInfo>
    </gameConfig>
  </config>
  <configuration>
    <appSettings>
      <add key="SensitivityX" value="9000" />
      <add key="SensitivityY" value="9000" />
    </appSettings>
    <gameConfig>
      <directoryPath>/storage/emulated/Android/data/com.dts.freefireth/files/contentcache/Compulsory/android/gameassetbundles/config</directoryPath>
      <mainPath>2019117863</mainPath>
      <versionInfo>1.108.8</versionInfo>
    </gameConfig>
  </configuration>
</xmlVersionInfo>